manufacturer,model,serial number,manufactured_date,device_type
Hillrom,CENTURY,12M1281998,1998-12-01,Hospital Bed
Hillrom,CENTURY,12M0591998,1998-12-01,Hospital Bed
Hillrom,PCENTURYK3256,12M0551998,1998-12-01,Hospital Bed
Hillrom,CENTURY,12M0561998,1998-12-01,Hospital Bed
Hillrom,CENTURY,12M1101998,1998-12-01,Hospital Bed
Hillrom,CENTURY,02R2981999,1999-02-01,Hospital Bed
Hillrom,CENTURY,02R3141999,1999-02-01,Hospital Bed
Hillrom,PCENTURYK3256,02R3391999,1999-02-01,Hospital Bed
Hillrom,CENTURY,02R3241999,1999-02-01,Hospital Bed
Hillrom,CENTURY,02R3631999,1999-02-01,Hospital Bed
Hillrom,CENTURYP1400,10L9791999,1999-10-01,Hospital Bed
Hillrom,CENTURYP1400,10L7601999,1999-10-01,Hospital Bed
Hillrom,CENTURYP1400,10L2981999,1999-10-01,Hospital Bed
Hillrom,CENTURYP1400,10L2591999,1999-10-01,Hospital Bed
Hillrom,CENTURYP1400,10L7571999,1999-10-01,Hospital Bed
Hillrom,CENTURYP1400,10L7531999,1999-10-01,Hospital Bed
Hillrom,CENTURYP1400,10L7541999,1999-10-01,Hospital Bed
Hillrom,CENTURY,10L9201999,1999-10-01,Hospital Bed
HILL ROM,CENTURYP1400,BL070HE0786,2002-01-01,Hospital Bed
HILL ROM,CENTURYP1400,B103AG0982,2002-01-01,Hospital Bed
HILL ROM,CENTURYP1400,BG192AG4641,2002-01-01,Hospital Bed
HILL ROM,CENTURYP1400,BL070HE0791,2002-01-01,Hospital Bed
HILL ROM,CENTURYP1400,B1039AG1009,2002-01-01,Hospital Bed
HILL ROM,CENTURYP1400,BL230HE3537,2002-01-01,Hospital Bed
HILL ROM,CENTURYP1400,B334AG6731,2002-01-01,Hospital Bed
HILL ROM,CENTURYP1400,B333AG6698,2002-01-01,Hospital Bed
HILL ROM,CENTURYP1400,B333AG6701,2002-01-01,Hospital Bed
HILL ROM,CENTURYP1400,B333AG6703,2002-01-01,Hospital Bed
HILL ROM,CENTURYP1400,B334AG6725,2002-01-01,Hospital Bed
HILL ROM,CENTURYP1400,B334AG6738,2002-01-01,Hospital Bed
HILL ROM,CENTURYP1400,B334AG6737,2002-01-01,Hospital Bed
HILL ROM,CENTURYP1400,B332AG6683,2002-01-01,Hospital Bed
HILL ROM,CENTURYP1400,B334AG6727,2002-01-01,Hospital Bed
HILL ROM,CENTURYP1400,B334AG6740,2002-01-01,Hospital Bed
HILL ROM,CENTURYP1400,B333AG6695,2002-01-01,Hospital Bed
HILL ROM,CENTURYP1400,B334AG6735,2002-01-01,Hospital Bed
HILL ROM,CENTURYP1400,B333AG6797,2002-01-01,Hospital Bed
HILL ROM,CENTURYP1400,B332AG6681,2002-01-01,Hospital Bed
HILL ROM,CENTURYP1400,B333AG6699,2002-01-01,Hospital Bed
HILL ROM,CENTURYP1400,B333AG6700,2002-01-01,Hospital Bed
HILL ROM,CENTURYP1400,B333AG6706,2002-01-01,Hospital Bed
HILL ROM,CENTURYP1400,B333AG6708,2002-01-01,Hospital Bed
HILL ROM,CENTURYP1400,BN177ME1533,2002-01-01,Hospital Bed
HILL ROM,CENTURYP1400,B332AG6677,2002-01-01,Hospital Bed
HILL ROM,CENTURYP1400,BN177ME1539,2002-01-01,Hospital Bed
Welch Allyn,SURETEMPPLUS,7432348,2007-01-01,Digital Thermometer
Welch Allyn,SURETEMPPLUS,747969,2007-01-01,Digital Thermometer
Welch Allyn,SURETEMPPLUS,7445105,2007-01-01,Digital Thermometer
Welch Allyn,SURETEMPPLUS,074321PO,2007-01-01,Digital Thermometer
Welch Allyn,SPOT VITAL SIGNS,200810466,2008-01-01,Vital Signs Monitor
GE HEALTHCARE,APEX PRO CH,RT908362478GA,2008-09-01,Ultrasound System
GE HEALTHCARE,PATIENT DATA MODULE (PDM),SA308511468GR,2008-12-01,Patient Monitor
GE HEALTHCARE,PATIENT DATA MODULE (PDM),SA309517777GR,2009-12-01,Patient Monitor
Hillrom,P3200,JM154AD1453,2010-01-01,Hospital Bed
Hillrom,P3200,JM140AD0664,2010-01-01,Hospital Bed
Hillrom,P3200,J140AD7241,2010-01-01,Hospital Bed
Hillrom,P3200,J309AD1600,2010-01-01,Hospital Bed
Hillrom,P3200,J140AD7236,2010-01-01,Hospital Bed
Hillrom,P3200,J140AD7193,2010-01-01,Hospital Bed
Hillrom,P3200,J134AT6928,2010-01-01,Hospital Bed
Hillrom,P3200,J127AD6526,2010-01-01,Hospital Bed
Stryker,1061,109035466,2010-01-01,Hospital Bed
Welch Allyn,FILAC3000,A1051223,2010-01-01,Thermometer
HILL ROM,P3200,J121AD6108,2010-01-01,Hospital Bed
HILL ROM,P3200,J303AD1205,2010-01-01,Hospital Bed
HILL ROM,P3200,J304AD1213,2010-01-01,Hospital Bed
HILL ROM,P3200,JI288AD1837,2010-01-01,Hospital Bed
HILL ROM,P3200,J121AD6107,2010-01-01,Hospital Bed
HILL ROM,P3200,J304AD1237,2010-01-01,Hospital Bed
HILL ROM,P3200,JI288AD1864,2010-01-01,Hospital Bed
HILL ROM,P3200,J140AD7282,2010-01-01,Hospital Bed
HILL ROM,P3200,J304AD1225,2010-01-01,Hospital Bed
HILL ROM,P3200,J129AD6633,2010-01-01,Hospital Bed
HILL ROM,P3200,J303AD1201,2010-01-01,Hospital Bed
HILL ROM,P3200,J128AD6593,2010-01-01,Hospital Bed
HILL ROM,P3200,J304AD1247,2010-01-01,Hospital Bed
HILL ROM,P3200,JH195AD1457,2010-01-01,Hospital Bed
HILL ROM,P3200,J141AD7277,2010-01-01,Hospital Bed
HILL ROM,P3200,J128AD6595,2010-01-01,Hospital Bed
HILL ROM,P3200,J312AD1963,2010-01-01,Hospital Bed
HILL ROM,P3200,J148AD7733,2010-01-01,Hospital Bed
HILL ROM,P3200,J128AD6617,2010-01-01,Hospital Bed
HILL ROM,P3200,J121AD6110,2010-01-01,Hospital Bed
HILL ROM,P3200,J304AD1215,2010-01-01,Hospital Bed
ZOLL Medical,M SERIES,T10G121505,2010-07-01,Defibrillator
GE HEALTHCARE,PATIENT DATA MODULE (PDM),SA310465295GR,2010-11-01,Patient Monitor
ZOLL Medical,Propaq Md,AI10L000824,2010-12-01,Patient Monitor
ZOLL Medical,Propaq Md,AI10L000796,2010-12-01,Patient Monitor
ZOLL Medical,Propaq Md,AI10L000816,2010-12-01,Patient Monitor
ZOLL Medical,Propaq Md,AI10L000819,2010-12-01,Patient Monitor
GE HEALTHCARE,PATIENT DATA MODULE (PDM),SA310518384GR,2010-12-01,Patient Monitor
GE HEALTHCARE,PATIENT DATA MODULE (PDM),SA310518261GR,2010-12-01,Patient Monitor
GE HEALTHCARE,PATIENT DATA MODULE (PDM),SA310496411GR,2010-12-01,Patient Monitor
GE HEALTHCARE,PATIENT DATA MODULE (PDM),SA310507316GR,2010-12-01,Patient Monitor
GE HEALTHCARE,PATIENT DATA MODULE (PDM),SA310496410GR,2010-12-01,Patient Monitor
Welch Allyn,FILAC3000,A1155231X,2011-01-01,Thermometer
Welch Allyn,FILAC3000,A1156405,2011-01-01,Thermometer
Welch Allyn,FILAC3000,A1156388,2011-01-01,Thermometer
GE HEALTHCARE,PATIENT DATA MODULE (PDM),SA311069819GR,2011-02-01,Patient Monitor
Edan Instruments,F9EXPRESS,M560039-M11330014,2011-03-01,Fetal Monitor
ZOLL Medical,M SERIES,T11D124677,2011-04-01,Defibrillator
GE HEALTHCARE,PATIENT DATA MODULE (PDM),SA311184365GR,2011-05-01,Patient Monitor
ZOLL Medical,Propaq Md,AI11F001156,2011-06-01,Patient Monitor
ZOLL Medical,M SERIES,t1k132871,2011-11-01,Defibrillator
ZOLL Medical,R Series ALS,AF11L019703,2011-12-01,Defibrillator Monitor
Philips,INTELLIVUE MX40,2569230,2012-01-01,Telemetry Monitor
Welch Allyn,FILAC3000,A1257682,2012-01-01,Thermometer
Welch Allyn,FILAC3000,A1262471,2012-01-01,Thermometer
ZOLL Medical,M SERIES,T12B127729,2012-02-01,Defibrillator
ZOLL Medical,M SERIES,T12B127735,2012-02-01,Defibrillator
GE HEALTHCARE,PATIENT DATA MODULE (PDM),SA312132106GR,2012-03-01,Patient Monitor
GE HEALTHCARE,PATIENT DATA MODULE (PDM),SA312152525GA,2012-04-01,Patient Monitor
GE HEALTHCARE,PATIENT DATA MODULE (PDM),SA312152311GR,2012-04-01,Patient Monitor
Edan Instruments,SE1200EXPRESS,460016-M12900650018,2012-09-01,ECG Machine
ZOLL Medical,M SERIES,T12L131022,2012-12-01,Defibrillator
Philips,INTELLIVUE MX40,3569208,2013-01-01,Telemetry Monitor
Philips,INTELLIVUE MX40,3569221,2013-01-01,Telemetry Monitor
Philips,INTELLIVUE MX40,3569227,2013-01-01,Telemetry Monitor
Philips,INTELLIVUE MX40,3569212,2013-01-01,Telemetry Monitor
PHILIPS,MX500,DE351B7530,2013-01-01,Patient Monitor
GE HEALTHCARE,PATIENT DATA MODULE (PDM),SA313106097GR,2013-03-01,Patient Monitor
GE HEALTHCARE,PATIENT DATA MODULE (PDM),SA313127233GR,2013-03-01,Patient Monitor
BIOSONIC,UC95,130402317,2013-04-01,Ultrasound Scanner
ZOLL Medical,M SERIES,T3T13D131852,2013-04-01,Defibrillator
ZOLL Medical,M SERIES,T03D45722,2013-04-01,Defibrillator
ZOLL Medical,M SERIES,T13D131863,2013-04-01,Defibrillator
ZOLL Medical,M SERIES,T13D131879,2013-04-01,Defibrillator
GE HEALTHCARE,PATIENT DATA MODULE (PDM),SA313219052GR,2013-05-01,Patient Monitor
GE HEALTHCARE,PATIENT DATA MODULE (PDM),SA313230274GR,2013-06-01,Patient Monitor
GE HEALTHCARE,PATIENT DATA MODULE (PDM),SA3132300157GR,2013-06-01,Patient Monitor
GE HEALTHCARE,PATIENT DATA MODULE (PDM),SA313230430GR,2013-06-01,Patient Monitor
GE HEALTHCARE,PATIENT DATA MODULE (PDM),SA313230464GR,2013-06-01,Patient Monitor
GE HEALTHCARE,PATIENT DATA MODULE (PDM),SA313230676GR,2013-06-01,Patient Monitor
GE HEALTHCARE,PATIENT DATA MODULE (PDM),SA313230457GR,2013-06-01,Patient Monitor
GE HEALTHCARE,PATIENT DATA MODULE (PDM),SA313230453GR,2013-06-01,Patient Monitor
GE HEALTHCARE,PATIENT DATA MODULE (PDM),SA313230456GR,2013-06-01,Patient Monitor
GE HEALTHCARE,PATIENT DATA MODULE (PDM),SA313230407GR,2013-06-01,Patient Monitor
ZOLL Medical,M SERIES,T03G48599,2013-07-01,Defibrillator
BIOSONIC,UC95D15,131100008,2013-11-01,Ultrasound Probe
BIOSONIC,UC95D15,131100002,2013-11-01,Ultrasound Probe
ZOLL Medical,X Series,AR13L006530,2013-12-01,Defibrillator Monitor
Edan Instruments,IM50,M14104900003,2014-01-01,Patient Monitor
Welch Allyn,FILAC3000,A1451284X,2014-01-01,Thermometer
ZOLL Medical,M SERIES,T04A54870,2014-01-01,Defibrillator
GE HEALTHCARE,APEX PRO CH,RTS14024388GA,2014-01-01,Ultrasound System
GE HEALTHCARE,APEX PRO CH,RTS14104454GA,2014-03-01,Ultrasound System
GE HEALTHCARE,APEX PRO CH,RTS14104453GA,2014-03-01,Ultrasound System
GE HEALTHCARE,APEX PRO CH,RTS14104456GA,2014-03-01,Ultrasound System
GE HEALTHCARE,APEX PRO CH,RTS14104450GA,2014-03-01,Ultrasound System
GE HEALTHCARE,APEX PRO CH,RT914126176GA,2014-03-01,Ultrasound System
GE HEALTHCARE,APEX PRO CH,RT914126178GA,2014-03-01,Ultrasound System
ZOLL Medical,M SERIES,T04D57875,2014-04-01,Defibrillator
GE HEALTHCARE,APEX PRO CH,RT914166339GA,2014-04-01,Ultrasound System
GE HEALTHCARE,APEX PRO CH,RT914166315GA,2014-04-01,Ultrasound System
GE HEALTHCARE,APEX PRO CH,RT914166362GA,2014-04-01,Ultrasound System
GE HEALTHCARE,APEX PRO CH,RT914166321GA,2014-04-01,Ultrasound System
GE HEALTHCARE,APEX PRO CH,RT914166380GA,2014-04-01,Ultrasound System
GE HEALTHCARE,APEX PRO CH,RT914166373GA,2014-04-01,Ultrasound System
GE HEALTHCARE,APEX PRO CH,RT914166320GA,2014-04-01,Ultrasound System
GE HEALTHCARE,APEX PRO CH,RT914166336GA,2014-04-01,Ultrasound System
GE HEALTHCARE,APEX PRO CH,RT914166372GA,2014-04-01,Ultrasound System
GE HEALTHCARE,APEX PRO CH,RT914166337GA,2014-04-01,Ultrasound System
ZOLL Medical,M SERIES,T14E133852,2014-05-01,Defibrillator
ZOLL Medical,M SERIES,T14F133985,2014-06-01,Defibrillator
ZOLL Medical,M SERIES,T04F60157,2014-06-01,Defibrillator
ZOLL Medical,M SERIES,T04G0718,2014-07-01,Defibrillator
ZOLL Medical,M SERIES,T04H61597,2014-08-01,Defibrillator
GE HEALTHCARE,PATIENT DATA MODULE (PDM),SA314326586GA,2014-08-01,Patient Monitor
Edan Instruments,IM50,M3331333-M14900008,2014-09-01,Patient Monitor
GE HEALTHCARE,PATIENT DATA MODULE (PDM),SA314358024GA,2014-09-01,Patient Monitor
Edan Instruments,IM50,M3331333-M14104900002,2014-10-01,Patient Monitor
Edan Instruments,IM50,M3331333-M14104900009,2014-10-01,Patient Monitor
Edan Instruments,SE1200EXPRESS,M14B08690005,2014-11-01,ECG Machine
Unico,G380PL LED,G38L-20141208,2014-12-08,Dermatoscope
Olympus,CV190,7500545,2015-01-01,Endoscopy Processor
Olympus,CV190,7500311,2015-01-01,Endoscopy Processor
Olympus,CV190,7500445,2015-01-01,Endoscopy Processor
Olympus,CV190,75500364,2015-01-01,Endoscopy Processor
Olympus,CV190,7500389,2015-01-01,Endoscopy Processor
Olympus,CV190,7500566,2015-01-01,Endoscopy Processor
Philips,INTELLIVUE MP20,DE54011343,2015-01-01,Patient Monitor
Philips,INTELLIVUE MP20,DE54011333,2015-01-01,Patient Monitor
Philips,INTELLIVUE MP20,DE54011319,2015-01-01,Patient Monitor
Philips,INTELLIVUE MP20,DE54011330,2015-01-01,Patient Monitor
Welch Allyn,SPOT VITAL SIGNS,201507871,2015-01-01,Vital Signs Monitor
Welch Allyn,SPOT VITAL SIGNS,201507902,2015-01-01,Vital Signs Monitor
ZOLL Medical,M SERIES,T15B135017,2015-02-01,Defibrillator
GE HEALTHCARE,PATIENT DATA MODULE (PDM),SA315070015GA,2015-02-01,Patient Monitor
GE HEALTHCARE,PATIENT DATA MODULE (PDM),SA315079992GA,2015-02-01,Patient Monitor
GE HEALTHCARE,PATIENT DATA MODULE (PDM),SA315070003GA,2015-02-01,Patient Monitor
GE HEALTHCARE,PATIENT DATA MODULE (PDM),SA315079984GA,2015-02-01,Patient Monitor
GE HEALTHCARE,PATIENT DATA MODULE (PDM),SA315070002GA,2015-02-01,Patient Monitor
GE HEALTHCARE,PATIENT DATA MODULE (PDM),SA315079980GA,2015-02-01,Patient Monitor
GE HEALTHCARE,PATIENT DATA MODULE (PDM),SA315079977GA,2015-02-01,Patient Monitor
GE HEALTHCARE,PATIENT DATA MODULE (PDM),SA315079989GA,2015-02-01,Patient Monitor
GE HEALTHCARE,PATIENT DATA MODULE (PDM),SA315058576GA,2015-02-01,Patient Monitor
GE HEALTHCARE,PATIENT DATA MODULE (PDM),SA315079799GA,2015-02-01,Patient Monitor
ZOLL Medical,Propaq Md,ai15c003871,2015-03-01,Patient Monitor
GE HEALTHCARE,PATIENT DATA MODULE (PDM),SA315208552GA,2015-05-01,Patient Monitor
GE HEALTHCARE,PATIENT DATA MODULE (PDM),SA315219009,2015-05-01,Patient Monitor
GE HEALTHCARE,PATIENT DATA MODULE (PDM),SA315219102GA,2015-05-01,Patient Monitor
GE HEALTHCARE,PATIENT DATA MODULE (PDM),SA315219007GA,2015-05-01,Patient Monitor
ZOLL Medical,M SERIES,T15F135497,2015-06-01,Defibrillator
Cogentix Medical,CST-5000,CS0709N,2015-07-01,Endoscopy System
Cogentix Medical,CST-5000,CS0715N,2015-07-01,Endoscopy System
GE HEALTHCARE,PATIENT DATA MODULE (PDM),SA315281904GA,2015-07-01,Patient Monitor
GE HEALTHCARE,PATIENT DATA MODULE (PDM),SA315281909GA,2015-07-01,Patient Monitor
Exergen,TAT5000,A1539272,2015-09-01,Temporal Thermometer
Exergen,TAT5000,A1539493,2015-09-01,Temporal Thermometer
Exergen,TAT5000,A1539059,2015-09-01,Temporal Thermometer
Exergen,TAT5000,A1539490,2015-09-01,Temporal Thermometer
Exergen,TAT5000,A1539270,2015-09-01,Temporal Thermometer
Exergen,TAT5000,A1539277,2015-09-01,Temporal Thermometer
Philips,INTELLIVUE MP20,DE62229313,2016-01-01,Patient Monitor
Philips,INTELLIVUE MP20,DE62223081,2016-01-01,Patient Monitor
Philips,INTELLIVUE MP20,DE62229345,2016-01-01,Patient Monitor
Welch Allyn,FILAC3000,A1656130X,2016-01-01,Thermometer
Welch Allyn,FILAC3000,A1661117X,2016-01-01,Thermometer
Welch Allyn,FILAC3000,A1661082X,2016-01-01,Thermometer
Welch Allyn,FILAC3000,A1661093X,2016-01-01,Thermometer
Welch Allyn,FILAC3000,A1661114X,2016-01-01,Thermometer
Welch Allyn,FILAC3000,A1656006X,2016-01-01,Thermometer
Welch Allyn,FILAC3000,A1656212X,2016-01-01,Thermometer
PHILIPS,MX500,DE671R3701,2016-01-01,Patient Monitor
PHILIPS,MX500,DE671R3663,2016-01-01,Patient Monitor
PHILIPS,MX500,DE671R3664,2016-01-01,Patient Monitor
PHILIPS,MX500,DE671R3705,2016-01-01,Patient Monitor
PHILIPS,MX500,DE671R3760,2016-01-01,Patient Monitor
PHILIPS,MX500,DE671R3685,2016-01-01,Patient Monitor
PHILIPS,MX500,DE671R3691,2016-01-01,Patient Monitor
PHILIPS,MX500,DE671T5134,2016-01-01,Patient Monitor
PHILIPS,MX500,DE671T5131,2016-01-01,Patient Monitor
PHILIPS,MX500,DE671T4113,2016-01-01,Patient Monitor
PHILIPS,MX500,DE671T5132,2016-01-01,Patient Monitor
PHILIPS,MX500,DE671T5133,2016-01-01,Patient Monitor
ZOLL Medical,M SERIES,TD16B136583,2016-02-01,Defibrillator
ZOLL Medical,M SERIES,T16B136570,2016-02-01,Defibrillator
GE HEALTHCARE,APEX PRO CH,RT916059906GA,2016-02-01,Ultrasound System
ZOLL Medical,R Series ALS,AF16C054998,2016-03-01,Defibrillator Monitor
ZOLL Medical,R Series ALS,AF16D055364,2016-04-01,Defibrillator Monitor
ZOLL Medical,R Series ALS,AF16D055704,2016-04-01,Defibrillator Monitor
GE HEALTHCARE,APEX PRO CH,RT916162191SA,2016-04-01,Ultrasound System
ZOLL Medical,M SERIES,T16E136987,2016-05-01,Defibrillator
Edan Instruments,SE1200EXPRESS,311094-M16611040004,2016-06-01,ECG Machine
Edan Instruments,IM70,M16603730016,2016-06-01,Patient Monitor
Edan Instruments,IM70,M16600900014,2016-06-01,Patient Monitor
Edan Instruments,IM50,M16701760030,2016-07-01,Patient Monitor
Edan Instruments,IM50,M16701760034,2016-07-01,Patient Monitor
Edan Instruments,IM50,M16701760010,2016-07-01,Patient Monitor
ZOLL Medical,R Series ALS,AF16H058404,2016-08-01,Defibrillator Monitor
ZOLL Medical,R Series ALS,AF16H057957,2016-08-01,Defibrillator Monitor
ZOLL Medical,R Series ALS,AF16H058410,2016-08-01,Defibrillator Monitor
ZOLL Medical,R Series ALS,AF16H058183,2016-08-01,Defibrillator Monitor
Edan Instruments,IM70,M260066-M16901980001,2016-09-01,Patient Monitor
ZOLL Medical,R Series ALS,AF16L061223,2016-12-01,Defibrillator Monitor
Cogentix Medical,CST-4000,CS1704F,2017-01-01,Endoscopy System
Edan Instruments,IM50,M17101610022,2017-01-01,Patient Monitor
Edan Instruments,IM50,M17101610039,2017-01-01,Patient Monitor
Edan Instruments,IM50,M17101610030,2017-01-01,Patient Monitor
Hospira,PLUMA+,17432148,2017-01-01,Infusion Pump
Hospira,PLUMA+,17434560,2017-01-01,Infusion Pump
Hospira,PLUMA+,17441256,2017-01-01,Infusion Pump
Hospira,PLUMA+,17434159,2017-01-01,Infusion Pump
Hospira,PLUMA+,17433989,2017-01-01,Infusion Pump
Hospira,PLUMA+,17434093,2017-01-01,Infusion Pump
Hospira,PLUMA+,17434354,2017-01-01,Infusion Pump
Hospira,PLUMA+,17441237,2017-01-01,Infusion Pump
Hospira,PLUMA+,17434074,2017-01-01,Infusion Pump
Hospira,PLUMA+,17434027,2017-01-01,Infusion Pump
Hospira,PLUMA+,17441209,2017-01-01,Infusion Pump
Hospira,PLUMA+,17434472,2017-01-01,Infusion Pump
Hospira,PLUMA+,17434162,2017-01-01,Infusion Pump
Hospira,PLUMA+,17434475,2017-01-01,Infusion Pump
Hospira,PLUMA+,17434779,2017-01-01,Infusion Pump
Hospira,PLUMA+,17434141,2017-01-01,Infusion Pump
Hospira,PLUMA+,17434321,2017-01-01,Infusion Pump
Hospira,PLUMA+,17434383,2017-01-01,Infusion Pump
Hospira,PLUMA+,1744041,2017-01-01,Infusion Pump
Hospira,PLUMA+,17434024,2017-01-01,Infusion Pump
Hospira,PLUMA+,17434118,2017-01-01,Infusion Pump
Hospira,PLUMA+,17440578,2017-01-01,Infusion Pump
Hospira,PLUMA+,17440768,2017-01-01,Infusion Pump
Hospira,PLUMA+,17434139,2017-01-01,Infusion Pump
Hospira,PLUMA+,17433973,2017-01-01,Infusion Pump
Hospira,PLUMA+,17434426,2017-01-01,Infusion Pump
Hospira,PLUMA+,17434019,2017-01-01,Infusion Pump
Hospira,PLUMA+,17433363,2017-01-01,Infusion Pump
Hospira,PLUMA+,17434142,2017-01-01,Infusion Pump
Hospira,PLUMA+,17434703,2017-01-01,Infusion Pump
Hospira,PLUMA+,17434212,2017-01-01,Infusion Pump
Hospira,PLUMA+,17434094,2017-01-01,Infusion Pump
Hospira,PLUMA+,17433443,2017-01-01,Infusion Pump
Hospira,PLUMA+,17434341,2017-01-01,Infusion Pump
Hospira,PLUMA+,17441087,2017-01-01,Infusion Pump
Hospira,PLUMA+,17440640,2017-01-01,Infusion Pump
Hospira,PLUMA+,17434396,2017-01-01,Infusion Pump
Hospira,PLUMA+,17434332,2017-01-01,Infusion Pump
Hospira,PLUMA+,17434726,2017-01-01,Infusion Pump
Hospira,PLUMA+,17434435,2017-01-01,Infusion Pump
Hospira,PLUMA+,17434513,2017-01-01,Infusion Pump
Hospira,PLUMA+,17434161,2017-01-01,Infusion Pump
Hospira,PLUMA+,17434177,2017-01-01,Infusion Pump
Hospira,PLUMA+,17434000,2017-01-01,Infusion Pump
Hospira,PLUMA+,17431765,2017-01-01,Infusion Pump
Hospira,PLUMA+,17434512,2017-01-01,Infusion Pump
Hospira,PLUMA+,17433246,2017-01-01,Infusion Pump
Hospira,PLUMA+,17434039,2017-01-01,Infusion Pump
Hospira,PLUMA+,17432437,2017-01-01,Infusion Pump
Hospira,PLUMA+,17434735,2017-01-01,Infusion Pump
Hospira,PLUMA+,17434064,2017-01-01,Infusion Pump
Hospira,PLUMA+,17441258,2017-01-01,Infusion Pump
Hospira,PLUMA+,17441252,2017-01-01,Infusion Pump
Hospira,PLUMA+,17441249,2017-01-01,Infusion Pump
Hospira,PLUMA+,17441084,2017-01-01,Infusion Pump
Hospira,PLUMA+,17480601,2017-01-01,Infusion Pump
Hospira,PLUMA+,17434454,2017-01-01,Infusion Pump
Hospira,PLUMA+,17451880,2017-01-01,Infusion Pump
Philips,INTELLIVUE MP20,DE72870252,2017-01-01,Patient Monitor
Philips,INTELLIVUE MP20,DE72832824,2017-01-01,Patient Monitor
Philips,INTELLIVUE MP20,DE72870263,2017-01-01,Patient Monitor
Philips,INTELLIVUE MP20,DE72856013,2017-01-01,Patient Monitor
Philips,INTELLIVUE MP20,DE72856005,2017-01-01,Patient Monitor
Philips,INTELLIVUE MX40,DE728A5916,2017-01-01,Telemetry Monitor
Philips,M3002A,DE73608832,2017-01-01,Patient Monitor Module
Stryker,1115,2017006701271,2017-01-01,Hospital Bed
Stryker,1115,2017006701256,2017-01-01,Hospital Bed
Stryker,1115,2017006701268,2017-01-01,Hospital Bed
Stryker,1115,2017006701273,2017-01-01,Hospital Bed
Stryker,1115,2017006701253,2017-01-01,Hospital Bed
Stryker,1115,2017006701272,2017-01-01,Hospital Bed
Stryker,1115,2017006701266,2017-01-01,Hospital Bed
Stryker,1115,2017006701259,2017-01-01,Hospital Bed
Stryker,1115,2017006701254,2017-01-01,Hospital Bed
Stryker,1115,2017006701257,2017-01-01,Hospital Bed
Stryker,1115,2017006701267,2017-01-01,Hospital Bed
HILL ROM,P1440,QP216ME5983,2017-01-01,Hospital Bed
HILL ROM,P1440,QP216ME5974,2017-01-01,Hospital Bed
HILL ROM,P1440,QP216ME5972,2017-01-01,Hospital Bed
HILL ROM,P1440,QP09AME5255,2017-01-01,Hospital Bed
HILL ROM,P1440,QP164ME5640,2017-01-01,Hospital Bed
HILL ROM,P1440,QP216ME5982,2017-01-01,Hospital Bed
HILL ROM,P1440,QP216ME5981,2017-01-01,Hospital Bed
HILL ROM,P1440,QP217ME5992,2017-01-01,Hospital Bed
HILL ROM,P1440,QP216ME5980,2017-01-01,Hospital Bed
HILL ROM,P1440,QP2164E5977,2017-01-01,Hospital Bed
HILL ROM,P1440,Q139ME8104,2017-01-01,Hospital Bed
HILL ROM,P1440,Q139ME8102,2017-01-01,Hospital Bed
HILL ROM,P1440,Q125ME8074,2017-01-01,Hospital Bed
HILL ROM,P1440,Q126ME8091,2017-01-01,Hospital Bed
HILL ROM,P1440,Q126ME8089,2017-01-01,Hospital Bed
HILL ROM,P1440,Q126ME8092,2017-01-01,Hospital Bed
HILL ROM,P1440,Q120ME8059,2017-01-01,Hospital Bed
HILL ROM,P1440,Q126ME8088,2017-01-01,Hospital Bed
HILL ROM,P1440,Q139ME8099,2017-01-01,Hospital Bed
HILL ROM,P1440,Q120ME8057,2017-01-01,Hospital Bed
HILL ROM,P1440,Q120ME8058,2017-01-01,Hospital Bed
HILL ROM,P1440,Q125ME8078,2017-01-01,Hospital Bed
HILL ROM,P1440,Q141ME8112,2017-01-01,Hospital Bed
HILL ROM,P1440,Q139ME8103,2017-01-01,Hospital Bed
HILL ROM,P1440,Q139ME8100,2017-01-01,Hospital Bed
HILL ROM,P1440,Q139ME8105,2017-01-01,Hospital Bed
HILL ROM,P1440,QM171ME6632,2017-01-01,Hospital Bed
HILL ROM,P1440,Q141ME8115,2017-01-01,Hospital Bed
HILL ROM,P1440,Q125ME8022,2017-01-01,Hospital Bed
HILL ROM,P1440,Q125ME8076,2017-01-01,Hospital Bed
HILL ROM,P1440,Q0139ME8098,2017-01-01,Hospital Bed
HILL ROM,P1440,Q145ME8148,2017-01-01,Hospital Bed
BAXTER HEALTHCARE CORP.,SPECTRUM IQ,3757686,2017-01-01,Infusion Pump
BAXTER HEALTHCARE CORP.,SPECTRUM IQ,3757504,2017-01-01,Infusion Pump
BAXTER HEALTHCARE CORP.,SPECTRUM IQ,3757280,2017-01-01,Infusion Pump
BAXTER HEALTHCARE CORP.,SPECTRUM IQ,3757194,2017-01-01,Infusion Pump
BAXTER HEALTHCARE CORP.,SPECTRUM IQ,3757377,2017-01-01,Infusion Pump
BAXTER HEALTHCARE CORP.,SPECTRUM IQ,3782633,2017-01-01,Infusion Pump
BAXTER HEALTHCARE CORP.,SPECTRUM IQ,3785541,2017-01-01,Infusion Pump
BAXTER HEALTHCARE CORP.,SPECTRUM IQ,3785793,2017-01-01,Infusion Pump
PHILIPS,MX500,DE7770D7J2,2017-01-01,Patient Monitor
Cogentix Medical,CST-4000,CS1705F,2017-02-01,Endoscopy System
ZOLL Medical,X Series,AR17B023487,2017-02-01,Defibrillator Monitor
ZOLL Medical,R Series ALS,AF17D065076,2017-04-01,Defibrillator Monitor
ZOLL Medical,R Series ALS,AF17D065023,2017-04-01,Defibrillator Monitor
ZOLL Medical,R Series ALS,AF17D065078,2017-04-01,Defibrillator Monitor
ZOLL Medical,R Series ALS,AF17D065063,2017-04-01,Defibrillator Monitor
ZOLL Medical,R Series ALS,AFAV17D064978,2017-04-01,Defibrillator Monitor
ZOLL Medical,R Series ALS,AF17D065082,2017-04-01,Defibrillator Monitor
ZOLL Medical,R Series ALS,AF17D065057,2017-04-01,Defibrillator Monitor
ZOLL Medical,R Series ALS,AF17D065077,2017-04-01,Defibrillator Monitor
ZOLL Medical,R Series ALS,AF17D065075,2017-04-01,Defibrillator Monitor
ZOLL Medical,R Series ALS,AF17D064998,2017-04-01,Defibrillator Monitor
ZOLL Medical,R Series ALS,AF17D065062,2017-04-01,Defibrillator Monitor
ZOLL Medical,RSERIES,AF17D065064,2017-04-01,Defibrillator Monitor
Edan Instruments,IM50,M17602270005,2017-06-01,Patient Monitor
Edan Instruments,IM50,M17602270003,2017-06-01,Patient Monitor
ZOLL Medical,M SERIES,T0787302,2017-08-01,Defibrillator
Edan Instruments,ELITEV5,M17902120005,2017-09-01,Patient Monitor
Edan Instruments,ELITEV5,M17902120008,2017-09-01,Patient Monitor
Edan Instruments,ELITEV5,M17902120007,2017-09-01,Patient Monitor
Edan Instruments,IM50,M17A03210041,2017-10-01,Patient Monitor
Philips,INTELLIVUE MP50,DE82001700,2018-01-01,Patient Monitor
Philips,INTELLIVUE MP50,DE82061694,2018-01-01,Patient Monitor
Philips,INTELLIVUE MP50,DE82061728,2018-01-01,Patient Monitor
Philips,INTELLIVUE MP50,DE82061726,2018-01-01,Patient Monitor
Philips,INTELLIVUE MP50,DE82061785,2018-01-01,Patient Monitor
Philips,INTELLIVUE MP50,DE82061747,2018-01-01,Patient Monitor
Philips,INTELLIVUE MP50,DE82099472,2018-01-01,Patient Monitor
Philips,INTELLIVUE MP50,DE82061749,2018-01-01,Patient Monitor
Philips,INTELLIVUE MP50,DE82061730,2018-01-01,Patient Monitor
Philips,INTELLIVUE MP50,DE82061733,2018-01-01,Patient Monitor
Philips,INTELLIVUE MP50,DE82061720,2018-01-01,Patient Monitor
Philips,INTELLIVUE MP50,DE82061692,2018-01-01,Patient Monitor
Philips,INTELLIVUE MP50,DE82061717,2018-01-01,Patient Monitor
Philips,INTELLIVUE MP50,DE82061736,2018-01-01,Patient Monitor
Philips,INTELLIVUE MP50,DE82061763,2018-01-01,Patient Monitor
Philips,INTELLIVUE MP50,DE82061695,2018-01-01,Patient Monitor
Philips,INTELLIVUE MP50,DE882061716,2018-01-01,Patient Monitor
Philips,INTELLIVUE MP50,DE82099502,2018-01-01,Patient Monitor
Philips,INTELLIVUE MP50,DE82099483,2018-01-01,Patient Monitor
Philips,INTELLIVUE MP50,DE82061791,2018-01-01,Patient Monitor
Philips,INTELLIVUE MP50,DE820A3726,2018-01-01,Patient Monitor
Philips,M3002A,DE83623218,2018-01-01,Patient Monitor Module
THERMO SCIENTIFIC,SMARTVUE915,18175660D4C1,2018-01-01,Laboratory Freezer
THERMO SCIENTIFIC,SMARTVUE915,18175660D4D3,2018-01-01,Laboratory Freezer
THERMO SCIENTIFIC,SMARTVUE915,18175660CABF,2018-01-01,Laboratory Freezer
THERMO SCIENTIFIC,SMARTVUE915,18355660D0LE,2018-01-01,Laboratory Freezer
THERMO SCIENTIFIC,SMARTVUE915,18175660CB13,2018-01-01,Laboratory Freezer
THERMO SCIENTIFIC,SMARTVUE915,18175660CABC,2018-01-01,Laboratory Freezer
THERMO SCIENTIFIC,SMARTVUE915,181751606DFD,2018-01-01,Laboratory Freezer
Welch Allyn,FILAC3000,A1863046X,2018-01-01,Thermometer
ZOLL Medical,M SERIES,T08103497,2018-01-01,Defibrillator
BAXTER HEALTHCARE CORP.,SPECTRUM IQ,3827871,2018-01-01,Infusion Pump
BAXTER HEALTHCARE CORP.,SPECTRUM IQ,3828391,2018-01-01,Infusion Pump
BAXTER HEALTHCARE CORP.,SPECTRUM IQ,3816037,2018-01-01,Infusion Pump
BAXTER HEALTHCARE CORP.,SPECTRUM IQ,3828200,2018-01-01,Infusion Pump
BAXTER HEALTHCARE CORP.,SPECTRUM IQ,3822726,2018-01-01,Infusion Pump
BAXTER HEALTHCARE CORP.,SPECTRUM IQ,3831807,2018-01-01,Infusion Pump
BAXTER HEALTHCARE CORP.,SPECTRUM IQ,3830586,2018-01-01,Infusion Pump
BAXTER HEALTHCARE CORP.,SPECTRUM IQ,3831239,2018-01-01,Infusion Pump
BAXTER HEALTHCARE CORP.,SPECTRUM IQ,3830354,2018-01-01,Infusion Pump
BAXTER HEALTHCARE CORP.,SPECTRUM IQ,3825223,2018-01-01,Infusion Pump
BAXTER HEALTHCARE CORP.,SPECTRUM IQ,3825288,2018-01-01,Infusion Pump
BAXTER HEALTHCARE CORP.,SPECTRUM IQ,3825471,2018-01-01,Infusion Pump
BAXTER HEALTHCARE CORP.,SPECTRUM IQ,3825020,2018-01-01,Infusion Pump
BAXTER HEALTHCARE CORP.,SPECTRUM IQ,3823921,2018-01-01,Infusion Pump
BAXTER HEALTHCARE CORP.,SPECTRUM IQ,3823577,2018-01-01,Infusion Pump
BAXTER HEALTHCARE CORP.,SPECTRUM IQ,3805055,2018-01-01,Infusion Pump
BAXTER HEALTHCARE CORP.,SPECTRUM IQ,3826615,2018-01-01,Infusion Pump
BAXTER HEALTHCARE CORP.,SPECTRUM IQ,3826190,2018-01-01,Infusion Pump
BAXTER HEALTHCARE CORP.,SPECTRUM IQ,3826314,2018-01-01,Infusion Pump
BAXTER HEALTHCARE CORP.,SPECTRUM IQ,3826273,2018-01-01,Infusion Pump
BAXTER HEALTHCARE CORP.,SPECTRUM IQ,3827365,2018-01-01,Infusion Pump
BAXTER HEALTHCARE CORP.,SPECTRUM IQ,3827207,2018-01-01,Infusion Pump
BAXTER HEALTHCARE CORP.,SPECTRUM IQ,3827402,2018-01-01,Infusion Pump
BAXTER HEALTHCARE CORP.,SPECTRUM IQ,3817236,2018-01-01,Infusion Pump
BAXTER HEALTHCARE CORP.,SPECTRUM IQ,3827856,2018-01-01,Infusion Pump
BAXTER HEALTHCARE CORP.,SPECTRUM IQ,3827685,2018-01-01,Infusion Pump
BAXTER HEALTHCARE CORP.,SPECTRUM IQ,3827744,2018-01-01,Infusion Pump
BAXTER HEALTHCARE CORP.,SPECTRUM IQ,3827658,2018-01-01,Infusion Pump
BAXTER HEALTHCARE CORP.,SPECTRUM IQ,3827902,2018-01-01,Infusion Pump
BAXTER HEALTHCARE CORP.,SPECTRUM IQ,3827796,2018-01-01,Infusion Pump
ZOLL Medical,X Series,AR18C030657,2018-03-01,Defibrillator Monitor
Edan Instruments,IM70,M18414780039,2018-04-01,Patient Monitor
Edan Instruments,IM70,M18414780018,2018-04-01,Patient Monitor
Edan Instruments,IM70,M18414780026,2018-04-01,Patient Monitor
Edan Instruments,IM70,M18414780044,2018-04-01,Patient Monitor
Edan Instruments,IM70,M18414780027,2018-04-01,Patient Monitor
Edan Instruments,IM70,M18414780031,2018-04-01,Patient Monitor
Edan Instruments,IM70,M18414780047,2018-04-01,Patient Monitor
Edan Instruments,IM70,M18414780019,2018-04-01,Patient Monitor
ZOLL Medical,AEDPLUS,X18E025923,2018-05-01,Automated External Defibrillator
GE HEALTHCARE,PATIENT DATA MODULE (PDM),SASPX18510114SA,2018-05-01,Patient Monitor
GE HEALTHCARE,PATIENT DATA MODULE (PDM),SASPX18510041SA,2018-05-01,Patient Monitor
GE HEALTHCARE,PATIENT DATA MODULE (PDM),SA318200468SA,2018-05-01,Patient Monitor
GE HEALTHCARE,PATIENT DATA MODULE (PDM),SASPX18500865SA,2018-05-01,Patient Monitor
Edan Instruments,SE1200EXPRESS,460016-M18706470008,2018-07-01,ECG Machine
Edan Instruments,IM50,M18709800015,2018-07-01,Patient Monitor
ZOLL Medical,X Series,AR18G033409,2018-07-01,Defibrillator Monitor
Edan Instruments,iT20,M18909080003,2018-09-01,ECG Machine
GE HEALTHCARE,PATIENT DATA MODULE (PDM),SA318360435SA,2018-09-01,Patient Monitor
ZOLL Medical,R Series ALS,AF18L089149,2018-12-01,Defibrillator Monitor
Edan Instruments,IM50,M19110560012,2019-01-01,Patient Monitor
Edan Instruments,IM50,M19100850023,2019-01-01,Patient Monitor
Edan Instruments,IM50,M19100850015,2019-01-01,Patient Monitor
Edan Instruments,IM50,M19100850029,2019-01-01,Patient Monitor
Edan Instruments,IM50,M19100850033,2019-01-01,Patient Monitor
Edan Instruments,IM50,M19100850017,2019-01-01,Patient Monitor
Edan Instruments,IM50,M19100580024,2019-01-01,Patient Monitor
Edan Instruments,IM50,M19100850001,2019-01-01,Patient Monitor
Masimo,RAD8,M192824,2019-01-01,Pulse Oximeter
Masimo,RAD8,M192444,2019-01-01,Pulse Oximeter
Masimo,RAD8,M192465,2019-01-01,Pulse Oximeter
Masimo,RAD8,M192344,2019-01-01,Pulse Oximeter
ZOLL Medical,RSERIES,AF19A091958,2019-01-01,Defibrillator Monitor
ZOLL Medical,M SERIES,T09B109955,2019-02-01,Defibrillator
ZOLL Medical,M SERIES,T09B109792,2019-02-01,Defibrillator
ZOLL Medical,R Series ALS,AF19B092952,2019-02-01,Defibrillator Monitor
ZOLL Medical,R Series ALS,AF19B092950,2019-02-01,Defibrillator Monitor
ZOLL Medical,R Series ALS,AF19B092199,2019-02-01,Defibrillator Monitor
ZOLL Medical,R Series ALS,AF19B092935,2019-02-01,Defibrillator Monitor
ZOLL Medical,R Series ALS,AF19B092455,2019-02-01,Defibrillator Monitor
ZOLL Medical,R Series ALS,AF19B092465,2019-02-01,Defibrillator Monitor
ZOLL Medical,R Series ALS,AF19B092949,2019-02-01,Defibrillator Monitor
ZOLL Medical,R Series ALS,AF19B092928,2019-02-01,Defibrillator Monitor
ZOLL Medical,R Series ALS,AF19B092207,2019-02-01,Defibrillator Monitor
ZOLL Medical,R Series ALS,AF19B092946,2019-02-01,Defibrillator Monitor
ZOLL Medical,R Series ALS,AF19B092943,2019-02-01,Defibrillator Monitor
ZOLL Medical,R Series ALS,AF19B092936,2019-02-01,Defibrillator Monitor
ZOLL Medical,R Series ALS,AF19B092428,2019-02-01,Defibrillator Monitor
ZOLL Medical,R Series ALS,AF19B092467,2019-02-01,Defibrillator Monitor
ZOLL Medical,R Series ALS,AF19B092223,2019-02-01,Defibrillator Monitor
ZOLL Medical,R Series ALS,AF19B092456,2019-02-01,Defibrillator Monitor
ZOLL Medical,R Series ALS,AF19B092482,2019-02-01,Defibrillator Monitor
ZOLL Medical,R Series ALS,AF19B092446,2019-02-01,Defibrillator Monitor
Edan Instruments,iT20,M19413150003,2019-04-01,ECG Machine
Edan Instruments,iT20,M19413130058,2019-04-01,ECG Machine
Edan Instruments,iT20,M19413150044,2019-04-01,ECG Machine
Edan Instruments,iT20,M19413150007,2019-04-01,ECG Machine
Edan Instruments,iT20,M19413130016,2019-04-01,ECG Machine
Edan Instruments,iT20,M19413130060,2019-04-01,ECG Machine
Edan Instruments,iT20,M19413130011,2019-04-01,ECG Machine
Edan Instruments,iT20,M19413130027,2019-04-01,ECG Machine
Edan Instruments,iT20,M19413130015,2019-04-01,ECG Machine
Edan Instruments,iT20,M19413130013,2019-04-01,ECG Machine
Edan Instruments,iT20,M19413130052,2019-04-01,ECG Machine
ZOLL Medical,R Series ALS,AF19D096889,2019-04-01,Defibrillator Monitor
Edan Instruments,ELITEV5,M19507110013,2019-05-01,Patient Monitor
Edan Instruments,ELITEV5,M19507110011,2019-05-01,Patient Monitor
ZOLL Medical,R Series ALS,AF19E096912,2019-05-01,Defibrillator Monitor
ZOLL Medical,R Series ALS,AF19F099133,2019-06-01,Defibrillator Monitor
ZOLL Medical,R Series ALS,AF19F099132,2019-06-01,Defibrillator Monitor
ZOLL Medical,R Series ALS,AF19F099189,2019-06-01,Defibrillator Monitor
ZOLL Medical,R Series ALS,AF19F099267,2019-06-01,Defibrillator Monitor
ZOLL Medical,R Series ALS,AF19F099254,2019-06-01,Defibrillator Monitor
ZOLL Medical,R Series ALS,AF19F099305,2019-06-01,Defibrillator Monitor
ZOLL Medical,R Series ALS,AF19F099263,2019-06-01,Defibrillator Monitor
ZOLL Medical,R Series ALS,AF19F099134,2019-06-01,Defibrillator Monitor
ZOLL Medical,R Series ALS,AF19F099298,2019-06-01,Defibrillator Monitor
Edan Instruments,ELITEV5,M19701080008,2019-07-01,Patient Monitor
Edan Instruments,ELITEV5,M19701080003,2019-07-01,Patient Monitor
Edan Instruments,ELITEV5,M19701080007,2019-07-01,Patient Monitor
Edan Instruments,ELITEV5,M19701080019,2019-07-01,Patient Monitor
Edan Instruments,ELITEV5,M19702060009,2019-07-01,Patient Monitor
Edan Instruments,iT20,M19706920013,2019-07-01,ECG Machine
ZOLL Medical,AEDPLUS,X19G176549,2019-07-01,Automated External Defibrillator
Edan Instruments,F9EXPRESS,M19804740024,2019-08-01,Fetal Monitor
Edan Instruments,F9EXPRESS,M19804740020,2019-08-01,Fetal Monitor
Edan Instruments,F9EXPRESS,M19804740011,2019-08-01,Fetal Monitor
Edan Instruments,F9EXPRESS,M19804740025,2019-08-01,Fetal Monitor
Edan Instruments,F9EXPRESS,M19804740005,2019-08-01,Fetal Monitor
Edan Instruments,F9EXPRESS,M19804740015,2019-08-01,Fetal Monitor
Edan Instruments,F9EXPRESS,M19804740016,2019-08-01,Fetal Monitor
Edan Instruments,F9EXPRESS,M1980570002,2019-08-01,Fetal Monitor
Edan Instruments,F9EXPRESS,M19804740001,2019-08-01,Fetal Monitor
Edan Instruments,F9EXPRESS,M19804740013,2019-08-01,Fetal Monitor
Edan Instruments,F9EXPRESS,M19804740022,2019-08-01,Fetal Monitor
Edan Instruments,ELITEV5,M19805320027,2019-08-01,Patient Monitor
Edan Instruments,ELITEV5,M19805320022,2019-08-01,Patient Monitor
Edan Instruments,ELITEV5,M19805320040,2019-08-01,Patient Monitor
Edan Instruments,ELITEV5,M19805320023,2019-08-01,Patient Monitor
Edan Instruments,ELITEV5,M19805320016,2019-08-01,Patient Monitor
Edan Instruments,ELITEV5,M19805320048,2019-08-01,Patient Monitor
Edan Instruments,ELITEV5,M19805320020,2019-08-01,Patient Monitor
Edan Instruments,ELITEV5,M19805320038,2019-08-01,Patient Monitor
Edan Instruments,ELITEV5,M19805320045,2019-08-01,Patient Monitor
Edan Instruments,ELITEV5,M19805320009,2019-08-01,Patient Monitor
Edan Instruments,ELITEV5,M19805320026,2019-08-01,Patient Monitor
Edan Instruments,IM70,M19805530018,2019-08-01,Patient Monitor
Edan Instruments,IM70,M19805530004,2019-08-01,Patient Monitor
Edan Instruments,IM70,M19805530017,2019-08-01,Patient Monitor
Edan Instruments,IM70,M19805530014,2019-08-01,Patient Monitor
Edan Instruments,IM70,M19805530019,2019-08-01,Patient Monitor
Edan Instruments,IM70,M19805530008,2019-08-01,Patient Monitor
Edan Instruments,IM70,M19805530010,2019-08-01,Patient Monitor
Edan Instruments,IM70,M19805530016,2019-08-01,Patient Monitor
Edan Instruments,IM70,M19805530003,2019-08-01,Patient Monitor
Edan Instruments,IM70,M19805530011,2019-08-01,Patient Monitor
Edan Instruments,IM70,M19805530006,2019-08-01,Patient Monitor
Edan Instruments,IM70,M19805530005,2019-08-01,Patient Monitor
Edan Instruments,IM70,M19805530007,2019-08-01,Patient Monitor
Edan Instruments,IM70,M19805530001,2019-08-01,Patient Monitor
Edan Instruments,IM70,M19805530013,2019-08-01,Patient Monitor
Edan Instruments,IM70,M19805530002,2019-08-01,Patient Monitor
ZOLL Medical,M SERIES,T098109977,2019-08-01,Defibrillator
ZOLL Medical,M SERIES,T09K116484,2019-11-01,Defibrillator
Edan Instruments,iT20,M2012320037,2020-01-01,ECG Machine
Welch Allyn,FILAC3000,A2053244X,2020-01-01,Thermometer
Welch Allyn,FILAC3000,A202057084X,2020-01-01,Thermometer
Welch Allyn,FILAC3000,A2060906X,2020-01-01,Thermometer
Welch Allyn,FILAC3000,A2066575X,2020-01-01,Thermometer
Welch Allyn,FILAC3000,A2057370X,2020-01-01,Thermometer
Welch Allyn,FILAC3000,A2055074X,2020-01-01,Thermometer
Welch Allyn,FILAC3000,A2057912X,2020-01-01,Thermometer
Welch Allyn,FILAC3000,A2057043X,2020-01-01,Thermometer
Welch Allyn,FILAC3000,A2062842X,2020-01-01,Thermometer
Welch Allyn,FILAC3000,A2060107X,2020-01-01,Thermometer
Welch Allyn,FILAC3000,A2066567X,2020-01-01,Thermometer
Welch Allyn,FILAC3000,A2057032X,2020-01-01,Thermometer
Welch Allyn,FILAC3000,A206611345X,2020-01-01,Thermometer
Welch Allyn,FILAC3000,A2066565X,2020-01-01,Thermometer
Welch Allyn,FILAC3000,A2055919X,2020-01-01,Thermometer
ZOLL Medical,X Series,AR20A045649,2020-01-01,Defibrillator Monitor
ZOLL Medical,X Series,AR20A045327,2020-01-01,Defibrillator Monitor
LINET,ELEGANZA 3,20200275616,2020-02-01,Hospital Bed
ZOLL Medical,X Series,AR20B046467,2020-02-01,Defibrillator Monitor
Edan Instruments,IM70,M260066-M20320530023,2020-03-01,Patient Monitor
Edan Instruments,IM70,M260066-M20320530024,2020-03-01,Patient Monitor
Edan Instruments,IM70,M260066-M20320530007,2020-03-01,Patient Monitor
Edan Instruments,IM70,M260066-M20320530030,2020-03-01,Patient Monitor
ZOLL Medical,X Series,AR20C047049,2020-03-01,Defibrillator Monitor
ZOLL Medical,X Series,AR20C047039,2020-03-01,Defibrillator Monitor
Edan Instruments,iT20,M20403290003,2020-04-01,ECG Machine
Edan Instruments,iT20,M20403290001,2020-04-01,ECG Machine
Edan Instruments,IM3,262096-M20706520060,2020-07-01,Patient Monitor
Edan Instruments,IM3,261436-M20903720061,2020-09-01,Patient Monitor
Edan Instruments,IM3,261436-M20903720005,2020-09-01,Patient Monitor
Covidien,RAPIDVAC,VL012165X,2021-01-01,Vacuum Drainage System
Covidien,RAPIDVAC,VL012164X,2021-01-01,Vacuum Drainage System
LINET,ELEGANZA 3,20210147025,2021-01-01,Hospital Bed
LINET,ELEGANZA 3,20210147077,2021-01-01,Hospital Bed
LINET,ELEGANZA 3,20210149187,2021-01-01,Hospital Bed
LINET,ELEGANZA 3,20210101683,2021-01-01,Hospital Bed
LINET,ELEGANZA 3,20210101685,2021-01-01,Hospital Bed
LINET,ELEGANZA 3,20210147060,2021-01-01,Hospital Bed
LINET,ELEGANZA 3,20210147032,2021-01-01,Hospital Bed
Mindray,BENEVISION N15,FSF5-11025372,2021-01-01,Ultrasound System
Stryker,1061,2021005801196,2021-01-01,Hospital Bed
Stryker,1061,2021005801198,2021-01-01,Hospital Bed
Stryker,1061,2021005801199,2021-01-01,Hospital Bed
Stryker,1061,2021005801197,2021-01-01,Hospital Bed
ZOLL Medical,X Series,AR21A054264,2021-01-01,Defibrillator Monitor
ARJO INC.,FLOWTRON,2100053978,2021-01-01,Compression Therapy System
ARJO INC.,FLOWTRON,2100054510,2021-01-01,Compression Therapy System
ARJO INC.,FLOWTRON,2100067774,2021-01-01,Compression Therapy System
ARJO INC.,FLOWTRON,2100054523,2021-01-01,Compression Therapy System
ARJO INC.,FLOWTRON,2100054001,2021-01-01,Compression Therapy System
ARJO INC.,FLOWTRON,2100054283,2021-01-01,Compression Therapy System
ARJO INC.,FLOWTRON,2100054494,2021-01-01,Compression Therapy System
ARJO INC.,FLOWTRON,2100054522,2021-01-01,Compression Therapy System
ARJO INC.,FLOWTRON,2100054527,2021-01-01,Compression Therapy System
ARJO INC.,FLOWTRON,2100064600,2021-01-01,Compression Therapy System
ARJO INC.,FLOWTRON,2100064601,2021-01-01,Compression Therapy System
ARJO INC.,FLOWTRON,2100053935,2021-01-01,Compression Therapy System
ARJO INC.,FLOWTRON,2100053984,2021-01-01,Compression Therapy System
ARJO INC.,FLOWTRON,2100053991,2021-01-01,Compression Therapy System
ARJO INC.,FLOWTRON,2100064603,2021-01-01,Compression Therapy System
ARJO INC.,FLOWTRON,2100053980,2021-01-01,Compression Therapy System
ARJO INC.,FLOWTRON,2100053932,2021-01-01,Compression Therapy System
ARJO INC.,FLOWTRON,2100053928,2021-01-01,Compression Therapy System
ARJO INC.,FLOWTRON,2100054542,2021-01-01,Compression Therapy System
ARJO INC.,FLOWTRON,2100054511,2021-01-01,Compression Therapy System
Edan Instruments,iT20,M21203860030,2021-02-01,ECG Machine
Edan Instruments,iT20,M21203860028,2021-02-01,ECG Machine
Edan Instruments,IM3,261436-M21508650086,2021-05-01,Patient Monitor
Edan Instruments,IM3,261436-M21508650088,2021-05-01,Patient Monitor
Edan Instruments,IM3,261436-M21508650067,2021-05-01,Patient Monitor
Jiangmen Dacheng Medical Equipment Co.,IOB-507,WU202108144EN,2021-08-14,Infusion Pump
Jiangmen Dacheng Medical Equipment Co.,IOB-507,WU202108189EN,2021-08-18,Infusion Pump
Jiangmen Dacheng Medical Equipment Co.,IOB-507,WU202108193EN,2021-08-19,Infusion Pump
Jiangmen Dacheng Medical Equipment Co.,IOB-507,WU202108205EN,2021-08-20,Infusion Pump
Jiangmen Dacheng Medical Equipment Co.,IOB-507,WU202108208EN,2021-08-20,Infusion Pump
Edan Instruments,F9EXPRESS,M560039-M21C11330002,2021-12-01,Fetal Monitor
Stryker,1061,2022005800690,2022-01-01,Hospital Bed
Stryker,1061,2022005800345,2022-01-01,Hospital Bed
Stryker,1061,2022005800343,2022-01-01,Hospital Bed
Stryker,1061,2022005800691,2022-01-01,Hospital Bed
Stryker,1061,2022005800344,2022-01-01,Hospital Bed
Edan Instruments,iT20,M22411170006,2022-04-01,ECG Machine
Edan Instruments,iT20,M22411170008,2022-04-01,ECG Machine
American Diagnostic,CE 1434,C22192114,2022-05-01,Stethoscope
American Diagnostic,CE 1434,C22192189,2022-05-01,Stethoscope
ZOLL Medical,AEDPLUS,X22E470885,2022-05-01,Automated External Defibrillator
ZOLL Medical,X Series,AR22E067679,2022-05-01,Defibrillator Monitor
Mindray,EPM12MA,AH9-26000857,2022-06-01,Patient Monitor
Mindray,EPM12MA,AH9-26000861,2022-06-01,Patient Monitor
Mindray,EPM12MA,AH9-26000860,2022-06-01,Patient Monitor
Mindray,EPM12MA,AH9-26000859,2022-06-01,Patient Monitor
ZOLL Medical,AEDPLUS,X22F478419,2022-06-01,Automated External Defibrillator
Mindray,EPM12MA,AH9-27000897,2022-07-01,Patient Monitor
Mindray,BENEVISION N15,FS-28042613,2022-08-01,Ultrasound System
Mindray,BENEVISION N15,FS-28042614,2022-08-01,Ultrasound System
Mindray,BENEVISION N15,FS-28042615,2022-08-01,Ultrasound System
Mindray,BENEVISION N15,FSF5-28042623,2022-08-01,Ultrasound System
Mindray,BENEVISION N15,FS-28042602,2022-08-01,Ultrasound System
Mindray,BENEVISION N15,FS-28042236,2022-08-01,Ultrasound System
ZOLL Medical,X Series,AR22L073058,2022-12-01,Defibrillator Monitor
Covidien,RAPIDVAC,VL012301X,2023-01-01,Vacuum Drainage System
Edan Instruments,SE1200EXPRESS,M23116470007,2023-01-01,ECG Machine
Edan Instruments,SE1200EXPRESS,460016-M23116470013,2023-01-01,ECG Machine
Welch Allyn,SURETEMPPLUS,23038261,2023-01-01,Digital Thermometer
Mindray,EPM12MA,AH9-34001722,2023-04-01,Patient Monitor
ZOLL Medical,RSERIES,AF23G169205,2023-07-01,Defibrillator Monitor
ZOLL Medical,RSERIES,AF23G169292,2023-07-01,Defibrillator Monitor
ZOLL Medical,RSERIES,AF23G169321,2023-07-01,Defibrillator Monitor
ZOLL Medical,RSERIES,AF23G169315,2023-07-01,Defibrillator Monitor
ZOLL Medical,RSERIES,AF23G169217,2023-07-01,Defibrillator Monitor
Edan Instruments,SE1200EXPRESS,460016-M23801490029,2023-08-01,ECG Machine
Edan Instruments,SE1200EXPRESS,460016-M23801490022,2023-08-01,ECG Machine
Edan Instruments,SE1200EXPRESS,460016-M23801490034,2023-08-01,ECG Machine
Edan Instruments,SE1200EXPRESS,460016-M23801490035,2023-08-01,ECG Machine
Edan Instruments,F9EXPRESS,M560039-M23909480002,2023-09-01,Fetal Monitor
Edan Instruments,iT20,M23910480001,2023-09-01,ECG Machine
Mindray,EPM12MA,AH9-3A001717,2023-10-01,Patient Monitor
Mindray,EPM12MA,AH9-3A001716,2023-10-01,Patient Monitor
Mindray,EPM12MA,AH9-3A001721,2023-10-01,Patient Monitor
Mindray,EPM12MA,AH9-3A001718,2023-10-01,Patient Monitor
Mindray,EPM12MA,AH9-3C001824,2023-12-01,Patient Monitor
Mindray,EPM12MA,AH9-3C001806,2023-12-01,Patient Monitor
Mindray,EPM12MA,AH9-3C001812,2023-12-01,Patient Monitor
Mindray,EPM12MA,AH9-3C001805,2023-12-01,Patient Monitor
Mindray,EPM12MA,AH9-3C001789,2023-12-01,Patient Monitor
Mindray,EPM12MA,AH9-3C001781,2023-12-01,Patient Monitor
Mindray,EPM12MA,AH9-3C001814,2023-12-01,Patient Monitor
Mindray,EPM12MA,AH9-3C001780,2023-12-01,Patient Monitor
ZOLL Medical,AEDPLUS,X23L761535,2023-12-01,Automated External Defibrillator
ZOLL Medical,RSERIES,AF23L173769,2023-12-01,Defibrillator Monitor
ZOLL Medical,RSERIES,AF23L173935,2023-12-01,Defibrillator Monitor
Edan Instruments,iT20,M2415750004,2024-01-01,ECG Machine
Welch Allyn,SURETEMPPLUS,24519376,2024-01-01,Digital Thermometer
ZOLL Medical,RSERIES,AF24A174904,2024-01-01,Defibrillator Monitor
ZOLL Medical,RSERIES,AF24A174867,2024-01-01,Defibrillator Monitor
LINET,ELEGANZA 4,20240217185,2024-02-01,Hospital Bed
LINET,ELEGANZA 4,20240217163,2024-02-01,Hospital Bed
LINET,ELEGANZA 4,20240217171,2024-02-01,Hospital Bed
LINET,ELEGANZA 4,20240217177,2024-02-01,Hospital Bed
LINET,ELEGANZA 4,20240219124,2024-02-01,Hospital Bed
LINET,ELEGANZA 4,20240211343,2024-02-01,Hospital Bed
LINET,ELEGANZA 4,20240211435,2024-02-01,Hospital Bed
LINET,ELEGANZA 4,20240315321,2024-03-01,Hospital Bed
ZOLL Medical,RSERIES,AF24C175990,2024-03-01,Defibrillator Monitor
ZOLL Medical,RSERIES,AF24C175991,2024-03-01,Defibrillator Monitor
Edan Instruments,iT20,M24402010037,2024-04-01,ECG Machine
Edan Instruments,iT20,M24402010035,2024-04-01,ECG Machine
Edan Instruments,iT20,M24402010034,2024-04-01,ECG Machine
Edan Instruments,iT20,M24408380006,2024-04-01,ECG Machine
Edan Instruments,iT20,M24408380010,2024-04-01,ECG Machine
Edan Instruments,iT20,M24408380009,2024-04-01,ECG Machine
Edan Instruments,iT20,M24408380008,2024-04-01,ECG Machine
Edan Instruments,iT20,M24408380007,2024-04-01,ECG Machine
Edan Instruments,iT20,M24408380001,2024-04-01,ECG Machine
Edan Instruments,iT20,M24408380003,2024-04-01,ECG Machine
Edan Instruments,iT20,M24408380004,2024-04-01,ECG Machine
Edan Instruments,iT20,M24408380002,2024-04-01,ECG Machine
Edan Instruments,iT20,M24408380005,2024-04-01,ECG Machine
American Diagnostic,CE 1434,C241870143,2024-05-01,Stethoscope
American Diagnostic,CE 1434,C241870093,2024-05-01,Stethoscope
American Diagnostic,CE 1434,C241843867,2024-05-01,Stethoscope
American Diagnostic,CE 1434,C241843922,2024-05-01,Stethoscope
American Diagnostic,CE 1434,C241843881,2024-05-01,Stethoscope
American Diagnostic,CE 1434,C241843806,2024-05-01,Stethoscope
ZOLL Medical,RSERIES,AF24E178300,2024-05-01,Defibrillator Monitor
Edan Instruments,SE1200EXPRESS,460016-M246096330015,2024-06-01,ECG Machine
ZOLL Medical,RSERIES,AF24F178630,2024-06-01,Defibrillator Monitor
ZOLL Medical,RSERIES,AF24F178395,2024-06-01,Defibrillator Monitor
Jiangmen Dacheng Medical Equipment Co.,IOB-507,WU202406189EN,2024-06-18,Infusion Pump
Jiangmen Dacheng Medical Equipment Co.,IOB-507,WU202406183EN,2024-06-18,Infusion Pump
Jiangmen Dacheng Medical Equipment Co.,IOB-507,WU202406187EN,2024-06-18,Infusion Pump
Jiangmen Dacheng Medical Equipment Co.,IOB-507,WU202406188EN,2024-06-18,Infusion Pump
Jiangmen Dacheng Medical Equipment Co.,IOB-507,WU202406190EN,2024-06-19,Infusion Pump
Jiangmen Dacheng Medical Equipment Co.,IOB-507,WU202406209EN,2024-06-20,Infusion Pump
Jiangmen Dacheng Medical Equipment Co.,IOB-507,WU202406237EN,2024-06-23,Infusion Pump
Jiangmen Dacheng Medical Equipment Co.,IOB-507,WU202406249EN,2024-06-24,Infusion Pump
Jiangmen Dacheng Medical Equipment Co.,IOB-507,WU202406252EN,2024-06-25,Infusion Pump
Jiangmen Dacheng Medical Equipment Co.,IOB-507,WU202406267EN,2024-06-26,Infusion Pump
Jiangmen Dacheng Medical Equipment Co.,IOB-507,WU202406266EN,2024-06-26,Infusion Pump
Jiangmen Dacheng Medical Equipment Co.,IOB-507,WU20240630EN,2024-06-28,Infusion Pump
Edan Instruments,IM3,262654-M24705640065,2024-07-01,Patient Monitor
Edan Instruments,SE1200EXPRESS,460016-K24700210010,2024-07-01,ECG Machine
ZOLL Medical,RSERIES,AF24G179402,2024-07-01,Defibrillator Monitor
ZOLL Medical,RSERIES,AF24G179173,2024-07-01,Defibrillator Monitor
ZOLL Medical,RSERIES,AF24G178993,2024-07-01,Defibrillator Monitor
ZOLL Medical,RSERIES,AF24G179155,2024-07-01,Defibrillator Monitor
ZOLL Medical,RSERIES,AF24G179510,2024-07-01,Defibrillator Monitor
ZOLL Medical,RSERIES,AF24G179180,2024-07-01,Defibrillator Monitor
ZOLL Medical,RSERIES,AF24G179153,2024-07-01,Defibrillator Monitor
ZOLL Medical,RSERIES,AF24G179186,2024-07-01,Defibrillator Monitor
ZOLL Medical,RSERIES,AF24G179403,2024-07-01,Defibrillator Monitor
ZOLL Medical,RSERIES,AF24G179158,2024-07-01,Defibrillator Monitor
ZOLL Medical,RSERIES,AF24H179829,2024-08-01,Defibrillator Monitor
Edan Instruments,IM3,262654-M24903790011,2024-09-01,Patient Monitor
Edan Instruments,IM3,262654-M24903790001,2024-09-01,Patient Monitor
ZOLL Medical,RSERIES,AF24I180367,2024-09-01,Defibrillator Monitor
Edan Instruments,SE1200EXPRESS,M24A2930014,2024-10-01,ECG Machine
Edan Instruments,SE1200EXPRESS,M24A02930002,2024-10-01,ECG Machine
Edan Instruments,SE1200EXPRESS,M24A02930001,2024-10-01,ECG Machine
Edan Instruments,iT20,M24A15750012,2024-10-01,ECG Machine
Edan Instruments,iT20,M24A15750016,2024-10-01,ECG Machine
Edan Instruments,iT20,M24A15750002,2024-10-01,ECG Machine
Edan Instruments,iT20,M24A15750003,2024-10-01,ECG Machine
Edan Instruments,iT20,M24A15750001,2024-10-01,ECG Machine
Edan Instruments,iT20,M24A15750018,2024-10-01,ECG Machine
Edan Instruments,iT20,M24A15750019,2024-10-01,ECG Machine
Edan Instruments,iT20,M24A15750011,2024-10-01,ECG Machine
Edan Instruments,iT20,M24A15750010,2024-10-01,ECG Machine
Edan Instruments,iT20,M24A15750009,2024-10-01,ECG Machine
LAB CORP.,642E,241013LB348,2024-10-13,Laboratory Analyzer
LAB CORP.,642E,241013LB328,2024-10-13,Laboratory Analyzer
ZOLL Medical,X Series,AR25C090387,2025-03-01,Defibrillator Monitor
ZOLL Medical,RSERIES,AF25G186555,2025-07-01,Defibrillator Monitor
ZOLL Medical,AEDPLUS,X25I944351,2025-09-01,Automated External Defibrillator
ZOLL Medical,AEDPLUS,X25I944935,2025-09-01,Automated External Defibrillator
ZOLL Medical,RSERIES,AF25J188748,2025-10-01,Defibrillator Monitor
ZOLL Medical,RSERIES,AF25L189983,2025-12-01,Defibrillator Monitor
